0,0.34%
1,4.3 percent
2,3.62 percent
3,29.1 percent
4,13.85%
5,25 percent
6,29.3%
7,11.44 percent
8,4.57%
9,18.11%
10,30.9 percent
11,34.8 percent
12,9.87%
13,22.1%
14,72.0%
15,967%
16,12.26 percent
17,2.18 percent
18,7.2%
19,0.73%
20,0.24 percent
21,6.95 percent
22,3.89%
23,79.1 percent
24,1.91 percent
25,79 percent
26,3.17%
27,28.95%
28,300 percent
29,1.66 percentage points
30,71.8%
31,63 percent
32,4.75%
33,33.0 percent
34,2.63%
35,53.3 percent
36,103%
37,78%
38,8.6%
39,700%
40,48%
41,1.74 percent
42,0.20%
43,0.15 percentage point
44,16.43%
45,2.99 percent
46,2.87 percent
47,11.2 percent
48,0.5 percent
49,57.5 percent
50,0.385 percent
51,2.49%
52, twelve percent
53,400%
54,8.9%
55,3.2 percent
56,96 percent
57, seventy percent
58,8.25%
59,2.462 percent
60,3.61 percent
61,14%
62,6.57%
63,0.59%
64,46.2%
65,61%
66,44.8%
67,96.4 percent
68,2 percent
69,41.4%
70,7 percent
71,1.74%
72,23.6%
73,79.2%
74,22.7%
75,16.83%
76,12.43 percent
77,7.06 percent
78,2.61%
79,11.45 percent
80,88%
81,415%
82,10.4%
83,13.74%
84,53.7 percent
85,15.76%
86,24.3 percent
87,70.7%
88,3.2%
89,11.47 percent
90,396%
91,0.82 percent
92,1.7 percentage points
93,0.73 percent
94,1.83 percent
95,54.4%
96,49.6%
97,1.32%
98,7.31 percent
99,3.74 percent
100,82 percent
101,20.4%
102,15.36%
103,0.57 percentage point
104,20.1 percent
105,1.92%
106,550%
107,14.75 percent
108,80.6%
109,16.3 percent
110,206%
111,47.7 percent
112,4.2 percentage points
113,39.8 percent
114,60.5%
115,51.1 percent
116,1.86%
117,6.42%
118,3.71 percentage point
119,14.0%
120,79.5%
121,239%
122,190%
123,15.2 percent
124,01 percent
125,12.00%
126,16.3%
127,85.9 percent
128,3.81%
129,25.7 percent
130,0.09 percentage points
131,850%
132,6.3%
133,7.3%
134,23.9%
135,5.70%
136,2.531 percent
137,17.6 percent
138,0.36 percentage points
139,8.17 percent
140,2.327%
141,39.1 percent
142,0.432%
143,7.2 percent
144,16.96%
145,3.59%
146,4.5%
147, twenty-one percent
148,1.0 percent
149,63.3%
150,10.65%
151,61.2%
152,7.58%
153,23.3 percent
154,131%
155,32.2%
156,1.80%
157,3.87 percent
158,7.28%
159,34.0%
160,52.5 percentage points
161,63.2 percent
162,4.169 percent
163,0.9 percentage point
164,78.9%
165,19.99%
166,13.2 percentage points
167,0.30%
168,0.29 percent
169,0.25 percentage point
170,13.8%
171,251%
172,5.16%
173,76.2%
174,4.44%
175,2.097 percent
176,16.5%
177,36.0 percent
178,0.44%
179,137%
180,53.3%
181,2.31%
182,0.825%
183,0.7%
184,0.12 percent
185,40.2%
186,73.8 percent
187,34.5%
188,0.623%
189,36.2%
190,25.3 percent
191,54.7%
192,225%
193,0.84 percent
194,16.12%
195,47.2 percent
196,50.3%
197,0.79 percentage points
198,2.240 percent
199,1900%
200,3.34%
201,100 percent
202,34.9 percent
203,340%
204,12.46%
205,123%
206,425 percent
207,118 percent
208,17.5%
209,6.84 percent
210,7.6 percent
211,11.6%
212,12.77%
213,1.67%
214,5.89 percent
215,41.6%
216,76.2 percent
217,66.6%
218,8.2 percent
219,2.39%
220,0.33 percent
221,510%
222,21.15 percent
223,43.2 percent
224,9.03%
225,4.28%
226,3.04 percent
227,2.9 percentage points
228,13.28 percent
229,1.20%
230,3.65 percent
231,423%
232,2.5934%
233,1.44 percent
234,4.00 percent
235,000%
236,92 percent
237,1.9%
238,0.03%
239,24.9%
240,1.41 percentage points
241,29.8 percent
242,37 percentage points
243,3.10%
244,41.56 percent
245,30 percentage points
246,4.3%
247,53.0 percent
248,34.1 percent
249,63.2%
250,11.0 percent
251,5.20 percent
252,2.40 percent
253,45.2%
254,1.03 percent
255,12.9 percent
256,286%
257,0.08 percent
258,1.59 percent
259,1.3%
260,60.9 percent
261,4.6 percentage points
262,13.9%
263,5.60 percent
264,8.5 percentage points
265,12.08%
266,13.29%
267,17.3%
268,0.7 percentage points
269,7.25 percent
270,7.54%
271,5.0 percent
272,6.52 percent
273,13.3%
274,21.875%
275,248%
276,23.5 percent
277,8.47%
278,28.29%
279,3.11%
280,17.8%
281,9.96%
282,3.76%
283,0.83 percent
284,29.9%
285,6.9 percent
286,9.06%
287,60.6%
288,3.0%
289,2.3 percent
290,5.15 percent
291,170%
292,37.9%
293,76.7%
294,4.25 percent
295,64.2 percent
296,22.6 percent
297,2.9%
298,4.36 percent
299,11.29%
300,17.0%
301,2.475 percent
302,27.8 percent
303,1.22 percent
304,24.29 percent
305,19.39%
306,6.84%
307,11.3%
308,3.74%
309,67.7%
310,1.72%
311,0.8%
312,58.3 percent
313,16.35%
314,19.15%
315,1.365%
316,43.4%
317,16%
318,5.24%
319,1.55%
320,38.3%
321,0.35%
322,71.24%
323,79.4 percent
324,3.6 percent
325,78.8%
326,0.515 percent
327,2.277 percent
328,77.4 percent
329,2.6858%
330,63.6%
331,81.4%
332,0.31 percentage points
333,4.42%
334,52.4 percent
335,332%
336,83%
337,3.41%
338,37.8%
339,109%
340,34.6%
341,35.2 percent
342,2.57%
343,14.46 percent
344,7.90%
345,212%
346,1.39 percent
347,02%
348,88 percent
349,59.13 percent
350,72.2%
351,6.38 percent
352,1.49%
353,9.83 percent
354,0.709 percent
355,83.2%
356,6.875%
357,33.5 percent
358,9.1 percent
359,28.4%
360,37.7%
361,5.84%
362,25.2 percent
363,23.7%
364,13.34%
365,153%
366,31.4 percent
367,182%
368,38.4%
369,2.41 percent
370,1.09%
371,7.42 percent
372,13.5 percent
373,0.05%
374,63%
375,35.5%
376,22.2 percentage points
377,0.87%
378,0.055 percent
379,2.70 percent
380,3.612 percent
381,1.4 percent
382,41.9%
383,46.59%
384,2.1 percentage points
385,8.33 percent
386,4.50%
387,22.8%
388,1.46%
389,0.83 percentage points
390,15.49%
391,42.9%
392,24.3%
393,1.36%
394,47.56%
395,2.4413%
396,84.9%
397,9.02%
398,2.91%
399,1.67 percentage points
400,0.49 percent
401,85.8%
402,one percent
403,8.15 percent
404,27%
405,33.7%
406,3.87%
407,84 percent
408,80 percent
409,19.1%
410,3.00 percent
411,7.08%
412,3.626%
413,0.6 percent
414,21.01%
415,2.375 percent
416,2.58 percent
417,6.59%
418,0.8 percentage point
419,376%
420,414%
421,1.734%
422,4.375%
423,1.52 percentage points
424,2.69 percent
425,14.7%
426,1.3 percentage points
427,080%
428,3.50%
429,4.26 percent
430,2.02 percent
431,12.31%
432,346 percent
433,1.1 percentage points
434,43.3%
435,2.4412 percent
436,0.27 percent
437,182 percent
438,124 percent
439,54.6%
440,39.4 percent
441,10.1%
442,16.6 percent
443,51%
444,47.4%
445,1.18 percentage points
446,0.37%
447,4.31%
448,12.0 percent
449,3.62%
450,73.59 percent
451,99.9 percent
452,0.14%
453,2.68%
454,86.0%
455,77 percent
456,4.2 percent
457,485 percent
458,3.63%
459,124%
460,1.11%
461,68.9 percent
462,81.5 percent
463,2.75 percent
464,22.9%
465,33%
466,3.440%
467,68.0 percent
468,2.72%
469,8.91%
470,4.34 percent
471,11.82 percent
472,44%
473,6.99 percent
474,230%
475,1.58%
476,96.22%
477,0.1 percentage point
478,13.27 percent
479,14.26%
480,38.0%
481,32.4%
482,51.6 percent
483,86 percent
484,73.7%
485,0.11%
486,39%
487,2.3 percentage points
488,0.0017994134%
489,23 percent
490,1.24%
491,1.33 percent
492,102%
493,1.44%
494,0.53 percent
495,0.02%
496,32.9 percent
497,27.30%
498,7.7 percent
499,0.99 percent
500,6.42 percent
501,240%
502,10.25%
503,4 percentage point
504,2.34%
505,51 percent
506,4.3 percentage points
507,4.9%
508,31.4%
509,289.6%
510,4.84%
511,1.61%
512,8.1 percent
513,7.4%
514,329%
515,7.24%
516,48.9%
517,08%
518,480%
519,41.9 percent
520,5.10 percent
521,436%
522,1.99%
523,3.52%
524,27 percent
525,122 percent
526,40%
527,2.16%
528,0.97 percent
529,835%
530,2.08%
531,92.2%
532,0.18 percentage point
533,1.2 percentage points
534,1.23%
535,650%
536,5.14%
537,10.3%
538,25.6%
539,250 percent
540,3.5 percentage points
541,16.2 percent
542,41.8 percent
543,3.876%
544,0.34 percent
545,3 percent
546,142 percent
547,63.7 percent
548,329 percent
549,6.5%
550,17.45%
551,71%
552,05 percent
553,112%
554,60.8 percent
555,0.83%
556,0.172 percent
557,17.0 percent
558,59.2%
559,0.28 percent
560,4.27 percent
561,4.01 percent
562,10.37 percent
563,5.9 percentage points
564,71.6%
565,5.28%
566,25.98%
567,65.0 percent
568,93.2%
569,21.36 percent
570,199%
571,62.8%
572,1.28 percent
573,1.41%
574,4 percentage points
575,76.9%
576,9.3 percent
577,0.88%
578,1.00 percent
579,3.18%
580,81.1%
581,72.1 percent
582,100%
583,45.3%
584,65.49%
585,23.0%
586,1.80 percentage point
587,900 percent
588,386 percent
589,55.0 percent
590,847%
591,2.09%
592,9.03 percent
593,0.60%
594,74.4%
595,70.73%
596,159%
597,0.4 percentage points
598,85%
599,11.8%
600,0.76%
601,5.98 percent
602,40.53 percent
603,17.2%
604,6.82%
605,5.6 percent
606,33.4%
607,0.0 percent
608,3.37%
609,49.1%
610,0.426%
611,53.5 percent
612,2.96%
613,164%
614,7.8%
615,74.8%
616,5.86%
617,31.5 percent
618,270 percent
619,20 percentage points
620,46.4 percent
621,3.77%
622,115 percent
623,1.13%
624,2.60 percent
625,110 percent
626,0.0000009%
627,42.4%
628,84.3 percent
629,64.2%
630,9.11%
631,5.66%
632,15.99%
633,1.15%
634,4.61 percent
635,52.5 percent
636,3.45%
637,1.70 percent
638,0.625%
639,296%
640,1000%
641,43.9 percentage points
642,4.76 percent
643,21.82 percent
644,81.2%
645,13.0%
646,50.0%
647,31.2%
648,0.52%
649,5.2 percentage points
650,13.84%
651,4.9 percentage points
652,0.01 percentage point
653,1140%
654,294%
655,6.34%
656,32%
657,98.1 percent
658,3.36%
659,15.2%
660,59.3 percent
661,1.7 percent
662,6.35 percent
663,14.8%
664,571 percent
665,77.6 percent
666,0.82 percentage points
667,45.1%
668,90.5%
669,1.84 percent
670,868 percent
671,3.07%
672,55.4%
673,38.5%
674,51.72%
675,2.66%
676,4.11%
677,59.0%
678,8.36%
679,44.9 percent
680,38.5 percent
681,8.88%
682,78.5 percent
683,1.28%
684,23 percentage points
685,25.1%
686,5.53%
687,0.12 percentage points
688,39.5%
689,23.4 percent
690,2.503 percent
691,16.8 percent
692,58.0%
693,8.84%
694,7.18%
695,2.75 percentage points
696,73.9%
697,140%
698,49.4 percent
699,95.1%
700,67.9%
701,27.0%
702,17.71%
703,95 percent
704,7.50%
705,6.05 percent
706,22.8 percent
707,3.66%
708,19.75%
709,five percent
710,55.1 percent
711,55.5%
712,6.8 percent
713,213 percent
714,35.8 percent
715,81.08 percent
716,4.35 percent
717,0.0004%
718,1.42 percentage points
719,143 percent
720,3.264 percent
721,20.1%
722,92.3%
723,94 percent
724,2.36%
725,31.3%
726,5.41%
727,23.5%
728,31.34%
729,34 percent
730,3.43%
731,2.2 percent
732,34.7 percent
733,7.9 percent
734,2.344 percent
735,18.6 percent
736,15%
737,7.8 percent
738,13.1%
739,12.86%
740,5.99%
741,51.8 percent
742,24.83 percent
743,12.3%
744,05%
745,4.39%
746,4.64%
747,202%
748,3.46 percent
749,2.64%
750,20.8 percent
751,2.21 percent
752,0.93 percentage point
753,53%
754,1.52%
755,5.72%
756,35.3%
757,36.19%
758,688%
759,13.43%
760,3.25%
761,45.7%
762,0.45 percent
763,249.4%
764,24.0%
765,5.8%
766,67 percent
767,16.1 percent
768,51.5 percent
769,4.89%
770,8.85%
771,3.48%
772,6.37%
773,281%
774,0.73 percentage points
775,11.4%
776,5.7 percent
777,114%
778,3.84 percent
779,4.29%
780,9.77 percent
781,343 percent
782,12 percent
783,9.25%
784,0.68%
785,25.8 percent
786,43.8%
787,77.3 percent
788,13.7%
789,2.229 percent
790,15.6 percent
791,90.5 percent
792,2.28%
793,19.9%
794,60.71%
795,35.6 percent
796,17.7%
797,2.5%
798,1.1 percent
799,36.4 percent
800,13.4%
801,121%
802,37.1 percent
803,57.6%
804,0.74%
805,6.70 percent
806,6.45 percent
807,14.85%
808,166%
809,4.17 percent
810,89.1 percent
811,1.98 percent
812,2.95%
813,4.81 percent
814,51.3%
815,31 percent
816,four percent
817,0.47%
818,5.4 percent
819,98.22%
820,32.8%
821,7.91%
822,310 percent
823,1.14%
824,150%
825,0.62%
826,39.6%
827,56.9%
828,4.57 percent
829, fifty percent
830,2.88 percent
831,343.74%
832,98%
833,362.5%
834,3.71%
835,1.375%
836,319 percent
837,90%
838,53.7%
839,1.25 percent
840,52.2%
841,85 percent
842,47.7%
843,0.32%
844,22.5 percent
845,85.7%
846,3.4 percentage points
847,172%
848,5.52 percent
849,6.72%
850,6.46 percent
851,3.7 percentage points
852,0.4 percent
853,37.1%
854,4.65 percent
855,2.54 percent
856,84.8%
857,95.0%
858,63.4 percent
859,23.4%
860,30.4 percent
861,8.58 percent
862,9.8%
863,2.6604%
864,95.9%
865,12.5 percent
866,42.5%
867,32.1%
868,75.8%
869,6.49%
870,1.4 percentage points
871,433%
872,122%
873,47.5 percent
874,34.0 percent
875,2.6179%
876,3.72%
877,12.2 percent
878,21.64%
879,150.62%
880,55.9 percent
881,22.81 percent
882,58.8%
883,2.18%
884,14.9 percent
885,441%
886,22.62%
887,81.5%
888,4.15 percentage points
889,36.2 percent
890,10.75%
891,2.257%
892,8.375 percent
893,9.39%
894,28.1%
895,36.43 percent
896,15.91 percent
897,2.652%
898,51.2 percent
899,5.44%
900,2.724 percent
901,0.909%
902,45%
903,4.95%
904,2.41%
905,22%
906,0.403%
907,63.5%
908,4.1%
909,2.81%
910,24.4 percent
911,537 percent
912,12.39%
913,17.1%
914,9.98%
915,0.001%
916,1.48%
917, forty-two percent
918,12.0%
919,9.6%
920,4.65%
921,2.44%
922,14.63 percent
923,59.78%
924,12.3 percent
925,6.67%
926,69.9%
927,83 percent
928,57.3%
929,92%
930,0.63 percent
931,29.99 percent
932,4.41%
933,213%
934,53.8 percent
935,9.59%
936,18.0%
937,7.35%
938,4.25%
939,1.06 percent
940,11.52%
941,78.7 percent
942,28.3 percent
943,56%
944,50%
945,339%
946,3.42%
947,0.7 percentage point
948,730%
949,165 percent
950,28.7%
951,9.2%
952,6.9%
953,33.3 percent
954,107%
955,10.9 percent
956,66.4%
957,2.19 percent
958,2.89%
959,11.4 percent
960,18.11 percent
961,31.7 percent
962,28.5%
963,2.09 percent
964,5.56 percent
965,1.19%
966,36.9%
967,11%
968,32.80%
969,118%
970,48.5 percent
971,40.5 percent
972,16.7 percent
973,2700%
974,6 percentage points
975,98.5 percent
976,4.20%
977,1.01 percent
978,91.0%
979,76.0%
980,eight percent
981,5.31%
982,14.3 percent
983,1.27%
984,9.17 percent
985,6.11%
986,4.8 percentage points
987,8.4%
988,34.3 percent
989,2.27%
990,0.0%
991,181.8%
992,49.2%
993,15.56%
994,88.7 percent
995,1200 percent
996,387%
997,1.57%
998,130 percent
999,14.95%
1000,56.5%
1001,0.04%
1002,68%
1003,29.21%
1004,0.8 percent
1005,42.2%
1006,23.0 percent
1007,53 percent
1008,500 percent
1009,1.77%
1010,6.03%
1011,15.8%
1012,48.2 percent
1013,6.12 percent
1014,79.8%
1015,57.1 percent
1016,7.34 percent
1017,4.95 percent
1018,149%
1019,513 percent
1020,55%
1021,208%
1022,69.50%
1023,13.5 percentage points
1024,89.8%
1025,29.6%
1026,4.20 percent
1027,4.96 percent
1028,10.6%
1029,2.6%
1030,1.4%
1031,21.6 percent
1032,30.1 percent
1033,436.45%
1034,64 percent
1035,0.13%
1036,175 percent
1037,4.28 percent
1038,75.5 percent
1039,8.23%
1040,48.2%
1041,124.6%
1042,4.87 percent
1043,14 percent
1044,37.5%
1045,46.9 percent
1046,19.07%
1047,1.89%
1048,12.30%
1049,34.8%
1050,1.01%
1051,1.94%
1052,19.1 percent
1053,0.36 percent
1054,12.75%
1055,3.69%
1056,0.55%
1057,66.5%
1058,608%
1059,4.16%
1060,3.34 percent
1061,29.7%
1062,14.59%
1063,129 percent
1064,2.70%
1065,37.2%
1066,2.15 percent
1067,0.31 percent
1068,4.46 percent
1069,97.5%
1070,15.1%
1071,0.91 percent
1072,59.5%
1073,2.1%
1074,52.3 percentage points
1075,14.1%
1076,2.7 percentage points
1077,93.7%
1078,470%
1079,136%
1080,41.5%
1081,75.9 percent
1082,450 percent
1083,36%
1084,3.54%
1085,41.78 percent
1086,15.21%
1087,0.04 percent
1088,26 percent
1089,60.1%
1090,24.84 percent
1091,1000 percent
1092,13.1 percent
1093,177.37%
1094,46.3 percent
1095,1.98 percentage points
1096,9.97 percent
1097,0.62 percent
1098,72.3%
1099,41.2 percent
1100,33.8%
1101,249.3%
1102,32.32%
1103,25.5 percent
1104,3.75%
1105,13.17 percent
1106,4.54%
1107,32 percent
1108,84.0 percent
1109,61.4%
1110,61.1%
1111,45.84 percent
1112,2.76%
1113,14.35%
1114,68.09%
1115,0.86 percent
1116,24.1%
1117,98.2%
1118,16.7%
1119,31.6%
1120,37.7 percent
1121,334%
1122,7.1 percentage points
1123,75.6 percent
1124,6.4%
1125,1550%
1126,364 percent
1127,0.8 percentage points
1128,3.04%
1129,51.7%
1130,1.08%
1131,328 percent
1132,95.3%
1133,2.77 percent
1134,0.84%
1135,12.07 percent
1136,32.5 percent
1137,9.19 percent
1138,700 percent
1139,52.3%
1140,180 percent
1141,7.76%
1142,96.7%
1143,53.2%
1144,46.9%
1145,93%
1146,3.35%
1147,21.2 percent
1148,3.6%
1149,66.8 percent
1150,97.3%
1151,64.7%
1152,2.31 percent
1153,43.7 percent
1154,26.7 percent
1155,56.3%
1156,4.5 percentage points
1157,4.58%
1158,30.5%
1159,45.8 percent
1160,11.62%
1161,3.16 percent
1162,12.1 percent
1163,4.348%
1164,17.82 percent
1165,54 percent
1166,3.79%
1167,3.03%
1168,9.7%
1169,39.2%
1170,2.35%
1171,184.56 percent
1172,5.1%
1173,9.6 percent
1174,78 percent
1175,13.79%
1176,27.8%
1177,0.70 percent
1178,51.92%
1179,13.44%
1180,83.3%
1181,66.4 percent
1182,1.07%
1183,3.355%
1184,1.35%
1185,2.73 percent
1186,38.1 percent
1187,63.1%
1188,59.6%
1189,9.41%
1190,0.59 percentage point
1191,0.008%
1192,1.04 percent
1193,56.3 percent
1194,89.9%
1195,18.6%
1196,116%
1197,35.4%
1198,350%
1199,71.1%
1200,144%
1201,000 percent
1202,37.4%
1203,60.7%
1204,1.123%
1205,61.5%
1206,1.33 percentage points
1207,06%
1208,1.375 percent
1209,131 percent
1210,048%
1211,12.7 percent
1212,7.7%
1213,24.72 percent
1214,57.84%
1215,27.4%
1216,14.9%
1217,7.50 percent
1218,128 percent
1219,145%
1220,778%
1221,3.79 percent
1222,27.2%
1223,73%
1224,89%
1225,28.6 percent
1226,two percentage point
1227,653 percent
1228,5.65%
1229,22 percent
1230,4.4 percent
1231,111%
1232,2.372 percent
1233,9.4 percent
1234,37.8 percent
1235,117%
1236,115%
1237,102.6%
1238,46.5%
1239,3.8 percentage points
1240,6.1 percentage points
1241,0.94%
1242,91.2%
1243,10.2%
1244,65.1 percent
1245,5.50%
1246,13.2 percent
1247,4.66%
1248,51.3 percent
1249,23.8 percent
1250,2.13%
1251,2.285 percent
1252,74.8 percent
1253,92.9%
1254,89.7 percent
1255,28.0%
1256,8.4920%
1257,0.05 percent
1258,6.90 percent
1259,6.44%
1260,65.8%
1261,450%
1262,2.74 percent
1263,0.1 percent
1264,462%
1265,36 percent
1266,147 percent
1267,6.89 percent
1268,4.80 percent
1269,14 percentage points
1270,0.005 percent
1271,6.60 percent
1272,16.31 percent
1273,12.25%
1274,5.88%
1275,15.8 percent
1276,2.28 percent
1277,7.13%
1278,1.97%
1279,361%
1280,12 percentage point
1281,284.5%
1282,13.61%
1283,80.9%
1284,7.59%
1285,2.75%
1286,11 percentage points
1287,1.30 percentage points
1288,5.33 percent
1289,2.0 percent
1290,22.9 percent
1291,25.4 percent
1292,4.98 percent
1293,14.4%
1294,47.2%
1295,7.82%
1296,33.8 percent
1297,10.6 percent
1298,2.48 percentage points
1299,31.6 percent
1300,5.66 percent
1301,176%
1302,0.71 percent
1303,31.3 percent
1304,2.86%
1305,4.04%
1306,261.8%
1307,142%
1308,1.66%
1309,59.9%
1310,1.31%
1311,16.81 percent
1312,11.42 percent
1313,28.75%
1314,10.0%
1315,4.8 percent
1316,29.8%
1317,59.25%
1318,4.00%
1319,23.76%
1320,7.09%
1321,1.256%
1322,55.3%
1323,51.6%
1324,29.4%
1325,7 percentage points
1326,50.6 percent
1327,52.6%
1328,0.24%
1329,51.7 percent
1330,2.083%
1331,138%
1332,23.04%
1333,0.89%
1334,28.36%
1335,1.03%
1336,25.9 percent
1337,5.9 percent
1338,28.7 percent
1339,80.72%
1340,31.2 percent
1341,8.75%
1342,99.99 percent
1343,10.52%
1344,7.06%
1345,7.56%
1346,600%
1347,2.424 percent
1348,55.4 percent
1349,14.44%
1350,140.1%
1351,1.04%
1352,2.15%
1353,74.2%
1354,660%
1355,146.4%
1356,64.4%
1357,40.3 percent
1358,0.07 percent
1359,52.6 percent
1360,43 percent
1361,42.2 percent
1362,647 percent
1363,34%
1364,9.85 percent
1365,4.4%
1366,7.15%
1367,31.57%
1368,1.35 percent
1369,7%
1370,231%
1371,1.2 percent
1372,0.57%
1373,63.8%
1374,0.19 percent
1375, twenty percent
1376,2.648 percent
1377,1.17%
1378,seven percentage points
1379,55.6%
1380,10.77%
1381,579%
1382,0.21 percent
1383,48.8%
1384,0.001 percent
1385,0.38 percent
1386,67%
1387,2.377 percent
1388,4.1 percent
1389,1.41 percent
1390,6.50%
1391,5.35%
1392,10 percentage points
1393,63.4%
1394,48.7 percent
1395,38.2 percent
1396,34.3%
1397,4.23%
1398,6.93 percent
1399,2.23%
1400,38 percent
1401,6.24%
1402,10.36 percent
1403,0.0000001%
1404,33.1 percent
1405,79.5 percent
1406,9.40%
1407,13.31%
1408,0.28 percentage point
1409,73.1 percent
1410,01%
1411,4.58 percent
1412,27.34%
1413,26.7%
1414,68.7%
1415,155 percent
1416,5.3%
1417,15.84%
1418,275.4%
1419,4.43%
1420,12.8 percent
1421,52.3 percent
1422,12.82%
1423,20.93%
1424,134.7%
1425,4.54 percent
1426,1.09 percent
1427,3.01%
1428,77.0 percent
1429,19.11%
1430,0.60 percent
1431,18.9%
1432,220 percent
1433,26.4%
1434,6 percent
1435,305%
1436,1.95 percent
1437,51.5%
1438,2.78%
1439,82.6%
1440,3.73%
1441,4.49 percent
1442,1.33%
1443,128%
1444,1.275 percent
1445,262%
1446,3.64 percent
1447,6.83 percent
1448,51.4%
1449,8.9 percent
1450,94%
1451,71.9%
1452,96%
1453,104%
1454,3.78%
1455,0.75 percentage point
1456,11.2%
1457,1.68 percent
1458,5.11%
1459,5.8 percent
1460,2.93 percent
1461,2.5320%
1462,5.95%
1463,64.3%
1464,9.2 percent
1465,9.73 percent
1466,61.8%
1467,1.21 percent
1468,2.05%
1469,360%
1470,3.262 percent
1471,160%
1472,0.169 percent
1473,4.80%
1474,2.618%
1475,71.5%
1476,11.5 percentage points
1477,5.55 percent
1478,90.6%
1479,2.8 percentage points
1480,1.12%
1481,40 percentage points
1482,0.55 percentage point
1483,2.45%
1484,32.3 percentage point
1485,1.238 percent
1486,0.77%
1487,343.7%
1488,18.5 percent
1489,347%
1490,10.17%
1491,0.6 percentage point
1492,3.40%
1493,11.38 percent
1494,23.8%
1495,7.37 percent
1496,50 percent
1497,200 percent
1498,99.0%
1499,15.89%
1500,33.6%
1501,50.9%
1502,123.7%
1503,1.39 percentage points
1504,7.1%
1505,43.9%
1506,25.9%
1507,5.57 percent
1508,645%
1509,173%
1510,10.0 percent
1511,19.42%
1512,19.10 percent
1513,30.1%
1514,12.40%
1515,62.3 percent
1516,4.82 percent
1517,165.05%
1518,2.04%
1519,44.4 percent
1520,40.3%
1521,100.9%
1522,21.59%
1523,31.8 percent
1524,362%
1525,141.2 percent
1526,3.24 percent
1527,2.40%
1528,260%
1529,477 percent
1530,7.53%
1531,31.0%
1532,3.12 percent
1533,27.49%
1534,26%
1535,3.58%
1536,1.5 percentage points
1537,146%
1538,67.2 percent
1539,38.7%
1540,1.88 percent
1541,5.5%
1542,2.4395%
1543,4.06 percent
1544,23.6 percent
1545,0.03 percent
1546,57.3 percent
1547,1.62 percent
1548,6.1%
1549,2.7%
1550,1.12 percent
1551,0.03 percentage points
1552,57.5%
1553,2.05 percent
1554,33.55%
1555,8.62%
1556,0.4159 percent
1557,five percentage points
1558,17.61 percent
1559,1.17 percent
1560,27.6%
1561,2.25 percent
1562,30.7%
1563,0.20 percentage points
1564, ninety percent
1565,30.8%
1566,7.3940%
1567,53.1 percent
1568,0.76 percent
1569,0.718%
1570,3.31%
1571,77.8 percent
1572,66.9 percent
1573,0.58 percent
1574,23%
1575,eight percentage points
1576,38.6 percent
1577,2.422 percent
1578,8.69%
1579,23.3%
1580,40.9%
1581,21.13 percent
1582,64.6%
1583,30.2 percent
1584,312%
1585,0.52 percent
1586,2.66 percent
1587,1.097 percent
1588,16.1%
1589,18.63%
1590,27.3%
1591,3.90%
1592,8 percentage points
1593,0.93 percent
1594,36.1 percent
1595,68.5 percent
1596,275%
1597,110.4 percent
1598,1.28 percentage points
1599,26.6%
1600,59.1 percent
1601,49%
1602,26.9 percent
1603,438%
1604,82%
1605,29.5%
1606,30.4%
1607,15.3%
1608,28.8%
1609,1.45%
1610,47.5%
1611,45.5 percent
1612,1600%
1613,12.17%
1614,19.3 percent
1615,10.16 percent
1616,99 percent
1617,18.0 percent
1618,2.53%
1619,3.3 percent
1620,2.16 percent
1621,52.9 percent
1622,6.7 percentage points
1623,0.64 percentage points
1624,0.86%
1625,12.11 percent
1626,1.8 percent
1627,47.8%
1628,3.67%
1629,180%
1630,70.6 percent
1631,3.461%
1632,51.4 percent
1633,3.38 percent
1634,1.18%
1635,22.0 percent
1636,23.1%
1637,3.82 percent
1638,31.8%
1639,97.8%
1640,3.92 percentage points
1641,0.85%
1642,79.6 percent
1643,73.1%
1644,69.37 percent
1645,20.3 percent
1646,4.33 percent
1647,257%
1648,19.7 percent
1649,0.41%
1650,4.4 percentage points
1651,38.7 percent
1652,40.4 percent
1653,8.0 percent
1654,58 percent
1655,25.3%
1656,0.15 percentage points
1657,13.45%
1658,21.9 percent
1659,12%
1660,4.625%
1661,79.9 percent
1662,4.1 percentage point
1663,5.5 percent
1664,93.7 percent
1665,3.91%
1666,1.60%
1667,3.249 percent
1668,36.74%
1669,62.5 percent
1670,0.61 percentage point
1671,12.37%
1672,9.15%
1673,134%
1674,78.3%
1675,4.8%
1676,78.6%
1677,6.04 percent
1678,3.75 percent
1679,1.66 percent
1680,62%
1681,5.73%
1682,37.31%
1683,283%
1684,84%
1685,9.89%
1686,12.2%
1687,27.4 percent
1688,48 percentage points
1689,49.1 percent
1690,4.50 percent
1691,37.9 percent
1692,38.2%
1693,6.7 percent
1694,32.4 percent
1695,0.98%
1696,88.2 percent
1697,0.11 percent
1698,1.50%
1699,5.27 percent
1700,2.55 percent
1701,19.5%
1702,526%
1703,2.14%
1704,18 percent
1705,6.584%
1706,14.6 percent
1707,20.6 percent
1708,2.6016%
1709,4.21%
1710,0.3 percentage points
1711,4.47 percent
1712,0.41 percentage point
1713,35.3 percent
1714,14.75%
1715,9.9 percent
1716,1.40%
1717,5.79%
1718,29.0%
1719,73.33%
1720,0.22 percent
1721,15.33%
1722,5.12%
1723,6.2 percent
1724,189%
1725,15.1 percent
1726,56 percent
1727,1.6 percent
1728,12.01 percent
1729,49.5%
1730,0.65 percent
1731,1.16%
1732,92.3 percent
1733,28.3%
1734,10.67%
1735,36.1%
1736,1.22%
1737,5120%
1738,457%
1739,44.0%
1740,0.20 percent
1741,1.5 percentage point
1742,3.39%
1743,28.4 percent
1744,26.2 percent
1745,2.42%
1746,75%
1747,33.2%
1748,74.3%
1749,0.46 percent
1750,87.8 percent
1751,0.15 percent
1752,4.85%
1753,9.27%
1754,1.45 percent
1755,2 percentage point
1756,18.4%
1757,0.3 percentage point
1758,97 percent
1759,105 percent
1760,26.0 percent
1761,29 percentage point
1762,2.34 percent
1763,6.5 percent
1764,0.06%
1765,37.0 percent
1766,2.54 percentage points
1767,17.4 percent
1768,14.5%
1769,0.17%
1770,2.4716%
1771,7.25%
1772,4 percent
1773,19.4%
1774,17.6%
1775,3.2 percentage points
1776,16.29%
1777,314%
1778,4.83%
1779,2.21 percentage points
1780,0.0945 percent
1781,2.03%
1782,45.54%
1783,45.6 percent
1784,11.7 percentage points
1785,0.41 percent
1786,2.97%
1787,491%
1788,9.65%
1789,11.75%
1790,1.99 percent
1791,101 percent
1792,23.69%
1793,26.4 percent
1794,1.18 percent
1795,0.75%
1796,20.06 percent
1797,0.82%
1798,36.7 percent
1799,18.06%
1800,35.5 percent
1801,0.54%
1802,469%
1803,37.2 percent
1804,12.5%
1805,2.478 percent
1806,15.0%
1807,2.79%
1808,7.94%
1809,49.6 percent
1810,12.4%
1811,93.5 percent
1812,22.61%
1813,215 percent
1814,8.6 percent
1815,15.7%
1816,9.77%
1817,0.40 percentage points
1818,1.68%
1819,1.03 percentage points
1820,31.97 percent
1821,15.7 percent
1822,25.2%
1823,66 percent
1824,41.2%
1825,114 percent
1826,72.4%
1827,87%
1828,3.98%
1829,55.7 percent
1830,0.18 percent
1831,80%
1832,1.08 percent
1833,17.5 percent
1834,68.0%
1835,2.86 percent
1836,0.24 percentage point
1837,2.51 percent
1838,4.64 percent
1839,0.51%
1840,12.37 percent
1841,1.52 percent
1842,3.66 percent
1843,8.7%
1844,57.95%
1845,41.1 percent
1846,1.26%
1847,2.717 percent
1848,233%
1849,0.19%
1850,4000 percent
1851,132%
1852,74.7%
1853,14.2%
1854,0.69 percent
1855,1.125 percent
1856,340 percent
1857,8.95 percent
1858,4.31 percent
1859,85.2%
1860,10.55 percent
1861,6.11 percent
1862,3.1%
1863,1.91%
1864,1.61 percent
1865,6.9 percentage points
1866,3.77 percent
1867,0.0001%
1868,6.26%
1869,19.0%
1870,472%
1871,96.9%
1872,18 percentage points
1873,20.98 percent
1874,23.9 percent
1875,19.8%
1876,723 percent
1877,8.0%
1878,4.71%
1879,11.89%
1880,80.3%
1881,14.56%
1882,8.96%
1883,1.02 percentage points
1884,2.300 percent
1885,9.17%
1886,274%
1887,200%
1888,1.65%
1889,24.4%
1890,66%
1891,6.75 percent
1892,165%
1893,631%
1894,8.97 percent
1895,0.77 percent
1896,46.6%
1897,78.3 percent
1898,0.32 percent
1899,65.3%
1900,0.96%
1901,9.7 percent
1902,370%
1903,3.06%
1904,5.58 percent
1905,67.3%
1906,72 percent
1907,16.8%
1908,1.21%
1909,72.6%
1910,18.9 percent
1911,4.13%
1912,5.9%
1913,0.61%
1914, twenty-five percent
1915,3.59 percent
1916,7.08 percent
1917,8.24%
1918,18.1 percent
1919,50.8 percent
1920,5.825%
1921,3.6 percentage points
1922,three percent
1923,4.32%
1924,68.4%
1925,79.1%
1926,125.1%
1927,42.8 percent
1928,2.51%
1929,92.4%
1930,2.242%
1931,6.25%
1932,1.43 percent
1933,3.56 percent
1934,56.2 percent
1935,2.21%
1936,four percentage points
1937,39.0%
1938,3.5%
1939,8.59%
1940,0.534 percent
1941,1.67 percent
1942,4.74 percent
1943,60.5 percent
1944,0.48 percent
1945,1.38 percent
1946,453%
1947,7.5 percentage points
1948,23.24%
1949,0.81 percent
1950,4.35%
1951,232%
1952,10.39%
1953,12.78%
1954,2.07%
1955,0.939 percent
1956,50 percentage points
1957,9.41 percent
1958,3.28%
1959,0.35 percentage points
1960,29.3 percent
1961,4.56%
1962,18.8 percent
1963,77.7 percent
1964,77.7%
1965,0.15%
1966,21.3 percent
1967,1.15 percent
1968,20.50%
1969,148.8%
1970,3.276 percent
1971,271%
1972,95%
1973,385%
1974,2.27 percent
1975,77.5%
1976,42.4 percent
1977,2.58%
1978,13.81%
1979,16.48%
1980,4.02 percent
1981,12.85%
1982,59.4 percent
1983,71.77%
1984,15.3 percent
1985,4.10 percent
1986,1.75 percent
1987,53.2 percent
1988,10.10%
1989,16.9 percent
1990,0.007 percent
1991,21.6%
1992,18.3%
1993,0.71%
1994,49.9%
1995,22.3%
1996,0.65%
1997,197%
1998,8.21 percent
1999,240 percent
2000,43.03%
2001,2.2%
2002,35.4 percent
2003,48.18%
2004,23.7 percent
2005,54.7 percent
2006,0.007 percentage points
2007,16.2%
2008,72.7%
2009,5.1 percent
2010,82.9 percent
2011,11.73%
2012,0.21 percentage points
2013,13 percentage points
2014,55.5 percent
2015,40.7 percent
2016,17.74%
2017,62.7%
2018,33 percentage points
2019,49.5 percent
2020,6.74 percent
2021,77.8%
2022,1.55 percentage points
2023,5.7 percentage points
2024,132.3%
2025,2.03 percent
2026,0.36%
2027,6.375%
2028,46 percent
2029,5.19 percent
2030,41%
2031,55.1%
2032,3.337%
2033,48.5%
2034,0.08%
2035,177 percent
2036,65 percent
2037,2.45 percent
2038,61 percent
2039,30%
2040,3.1 percent
2041,4.6 percent
2042,204 percent
2043,398%
2044,0.16 percent
2045,8.3%
2046,58.5 percent
2047,31.5%
2048,68.2%
2049, thirty percent
2050,15.96%
2051,8%
2052,1.01 percentage points
2053,76.7 percent
2054,4.52 percent
2055,1.62%
2056,2.27 percentage points
2057,62 percent
2058,0.64 percent
2059,2.71 percent
2060,8.32%
2061,2.614 percent
2062,9.3%
2063,2.19%
2064,35.1%
2065,7.30%
2066,65.4 percent
2067,4.73 percent
2068,2.35 percent
2069,19.06%
2070,8.72%
2071,17.85%
2072,53.4%
2073,44.7 percent
2074,9.44 percent
2075,96.5%
2076,27.7 percent
2077,0.79 percent
2078,5.46%
2079,1.42 percent
2080,9.5 percent
2081,57.0%
2082,8.7 percent
2083,15.32 percent
2084,417%
2085,0.90%
2086,87.5%
2087,82.9%
2088,6.6 percent
2089,1.85 percent
2090,14.93%
2091,140 percent
2092,144 percent
2093,65.2 percent
2094,5.48%
2095,21.8%
2096,2.90 percent
2097,16.23%
2098,8.31 percent
2099,45.0%
2100,25.87%
2101,65.2%
2102,26.33 percent
2103,41.6 percent
2104,2.00%
2105,7.75 percent
2106,626.7%
2107,0.618%
2108,54.2 percent
2109,25.07 percent
2110,4.216%
2111,71.8 percent
2112,34.7%
2113,0.87 percent
2114,5.25 percent
2115,1.25%
2116,55 percent
2117,1.92 percent
2118,0.06 percent
2119,80.98%
2120,600 percent
2121,3.3%
2122,3%
2123,3.69 percent
2124,7.14 percent
2125,0.943 percent
2126,2.701%
2127,2.9 percent
2128,13.8 percent
2129,32.7%
2130,9.62 percent
2131,1.59%
2132,1.75%
2133,1.484%
2134,260 percent
2135,8.9 percentage points
2136,2.84%
2137,9.58%
2138,174.9%
2139,65.1%
2140,86.3 percent
2141,2.875%
2142,41.57%
2143,25.5%
2144,5.39%
2145,175%
2146,68.45%
2147,13.83 percent
2148,0.25%
2149,24.7%
2150,5.64 percent
2151,72.9%
2152,30.6 percent
2153,30.5 percent
2154,15.18 percent
2155,32.8 percent
2156,0.91%
2157,2.37 percentage points
2158,72.2 percent
2159,1.8178%
2160,52.2 percent
2161,3.82%
2162,5.4%
2163,67.5%
2164,36.6%
2165,85.0%
2166,5.22%
2167,3.57 percent
2168,5.67%
2169,2.20 percent
2170,20.9%
2171,22.3 percent
2172,2.59 percent
2173,24.55%
2174,90.3%
2175,36.3%
2176,0.23%
2177,0.07%
2178,28.45%
2179,5.43%
2180,54.1 percent
2181,4.26%
2182,120%
2183,9.5%
2184,706%
2185,2.11%
2186,2.37%
2187,6.681%
2188,52 percent
2189,33.33%
2190,2.74%
2191,36.4%
2192,4.29 percent
2193,73.2%
2194,16.46%
2195,53 percentage points
2196,15.6%
2197,13.6 percent
2198, fifteen percent
2199,0.92 percent
2200,28 percent
2201,19.6%
2202,12.1%
2203,0.9 percent
2204,19.94%
2205,66.40 percent
2206,0.425 percent
2207,17.3 percent
2208,10.8%
2209,2.5717%
2210,7.1 percent
2211,7.52%
2212,54.0%
2213,3.5752%
2214,3.8 percent
2215,11.5%
2216,1.81%
2217,49.7 percent
2218,8.48 percent
2219,138 percent
2220,22.2 percent
2221,13.04%
2222,18.19 percent
2223,4.7 percentage points
2224,68.6%
2225,1.76 percent
2226,39.31%
2227,3.71 percent
2228,5.6%
2229,3.57%
2230,0.6603%
2231,2.87%
2232,0.16 percentage points
2233,203%
2234,60.82 percent
2235,17 percent
2236,52.8 percent
2237,5.61%
2238,13%
2239,258 percent
2240,82.1%
2241,362.2%
2242,20.8%
2243,80.3 percent
2244,3.02%
2245,3.48 percent
2246,47.1%
2247, thirty-five percent
2248,597%
2249,0.6%
2250,50.7 percent
2251,42 percent
2252,11.9%
2253,21.1 percent
2254,0.2%
2255,10 percent
2256,35.8%
2257,3.92 percent
2258,22 percentage points
2259,56.4%
2260,69 percent
2261,1.618%
2262,22.5%
2263,2.827%
2264,7.79%
2265,17.01 percent
2266,2.10%
2267,16.9%
2268,6.19%
2269,37.6 percent
2270,10.77 percent
2271,6.01 percent
2272,1.44 percentage points
2273,57.1%
2274,36.9 percent
2275,1.53 percentage points
2276,2.65 percent
2277,1.11 percent
2278,10.31%
2279,0.09 percentage point
2280,3.64%
2281,0.7 percent
2282,54.5 percent
2283,63.5 percent
2284,37 percent
2285,10.3 percent
2286,131.5%
2287,7.9%
2288,66.2%
2289,90 percent
2290,17.2 percent
2291,21.0%
2292,28.9%
2293,2.3%
2294,69.5 percent
2295,81.4 percent
2296,9.88%
2297,875 percent
2298,1.5 percent
2299,22.4 percent
2300,11 percent
2301,2.6 percent
2302,1.53 percent
2303,1.082%
2304,49.4%
2305,59.6 percent
2306,89.5 percent
2307,8.95%
2308,18.71%
2309,2.128 percent
2310,3.17 percent
2311,148%
2312,5.64%
2313,1.0 percentage point
2314,3.9 percentage points
2315,36.8%
2316,72.8 percent
2317,9.1%
2318,2.525 percent
2319,64.1 percent
2320,0.79%
2321,19.75 percent
2322,39 percent
2323,54.8 percent
2324,8.8 percent
2325,53.6%
2326,49.3%
2327,1.82%
2328,800 percent
2329,0.44 percent
2330,125 percent
2331,5.15%
2332,9.98 percent
2333,2.50 percent
2334,2.57 percent
2335,9.04%
2336,2.23 percent
2337,11.7 percent
2338,19 percent
2339,5.50 percent
2340,11.1%
2341,6.32%
2342,52%
2343,1.49 percent
2344,10.69%
2345,0.49%
2346,6.8%
2347,5 percentage points
2348,40.0%
2349,10.4 percent
2350,33.1%
2351,0.2 percentage point
2352,21.25%
2353,62.4 percent
2354,80.7%
2355,2.88%
2356,1.69%
2357,24 percent
2358,2.4 percentage points
2359,20.5 percent
2360, nineteen percent
2361,4.88 percent
2362,56.6%
2363,one percentage point
2364,5.56%
2365,36.8 percent
2366,59.7 percent
2367,12 percentage points
2368,0.534%
2369,12.825 percent
2370,39.9%
2371,15.9%
2372,1.267%
2373,5.90%
2374, seventeen percent
2375,77.2 percent
2376,6.64 percent
2377,4.49%
2378,55.2 percent
2379,15.4%
2380,20.5%
2381,23.2 percent
2382,2.33 percent
2383,69.3%
2384,6.2%
2385,56.9 percent
2386,12.6%
2387,3.14%
2388,6.50 percent
2389,6.53%
2390,75 percent
2391,46.2 percent
2392,1.16 percentage points
2393,3.16%
2394,0.171 percent
2395,15.73%
2396,76.8%
2397,1.79 percent
2398,31.1%
2399,5.49 percent
2400,41 percent
2401,900%
2402,32.7 percent
2403,171%
2404,43.3 percent
2405,100000000000%
2406,104.2 percent
2407,43.6%
2408,167%
2409,45.7 percent
2410,13.42%
2411,10.1 percentage points
2412,64.8%
2413,504%
2414,78.0%
2415,2.67%
2416,390 percent
2417,46.5 percent
2418,63.0%
2419,6.88 percent
2420,34.4 percent
2421,45.4%
2422,60 percentage points
2423,52.7 percent
2424,9.32%
2425,two percent
2426,26.1%
2427,65.6%
2428,0.46%
2429,3.55%
2430,2%
2431,14.5 percentage points
2432,17.1 percent
2433,14.8 percent
2434,0.315 percent
2435,2.47%
2436,20.79%
2437,7.55%
2438,0.10%
2439,99.8 percent
2440,11.5 percent
2441,50.7%
2442,1.7 percentage point
2443,1.02 percent
2444,1.05 percent
2445,2.507 percent
2446,48 percent
2447,0.011%
2448,84.4%
2449,3.97%
2450,21.2%
2451,0.26%
2452,94.2 percent
2453,0.22%
2454,8.08 percent
2455,39.8%
2456,0.002 percent
2457,50.4%
2458,14.1 percent
2459,1.83 percentage points
2460,0.25 percent
2461,1.5%
2462,1.96%
2463,7.5 percent
2464,8.1%
2465,75.8 percent
2466,79.6%
2467,1.78%
2468,99.5%
2469,320%
2470,29%
2471,35 percent
2472,1.53%
2473,43.5 percent
2474,3.7%
2475,12.78 percent
2476,37.59 percent
2477,75.7%
2478,97.9%
2479,28%
2480,72.9 percent
2481,4.53 percent
2482,13.07%
2483,58.8 percent
2484,19.6 percent
2485,0.63 percentage point
2486,0.534 percentage points
2487,35.9%
2488,0.12%
2489,250%
2490,6.82 percent
2491,9.75%
2492,3.85 percent
2493,8.86%
2494,300%
2495,2.52%
2496,44.4%
2497,28.1 percent
2498, forty percent
2499,31%
2500,63.3 percent
2501,9.35%
2502,4.75 percent
2503,35.21%
2504,0.4%
2505,48.7%
2506,53.5%
2507,9.75 percent
2508,0.54 percent
2509,0.81 percentage points
2510,79.3%
2511,4.18%
2512,177%
2513,0.3%
2514,44.1%
2515,0.95 percent
2516,7.86%
2517,242%
2518,15.26%
2519,7.92 percent
2520,5.75%
2521,36 percentage point
2522,27.5 percent
2523,1.8%
2524,6.22 percent
2525,77.6%
2526,99.6%
2527,5.18%
2528,357%
2529,17.9 percent
2530,5.38%
2531,25%
2532,349.3%
2533,0.28%
2534,13.71%
2535,0.004%
2536,4.63 percent
2537,4.22%
2538,21.7 percent
2539,0.66%
2540,50.2 percent
2541,46.8%
2542,27.7%
2543,5.03%
2544,0 percent
2545,36.97 percent
2546,6.04%
2547,1.07 percent
2548,69.1%
2549,26.6 percent
2550,70%
2551,1.29%
2552,13.6%
2553,12.20%
2554,7.0 percent
2555,26.29 percent
2556,8.19%
2557,7.81 percent
2558,0.50%
2559,26.23 percent
2560,8.5%
2561,230 percent
2562,145 percent
2563,247%
2564,12.7%
2565,21.7%
2566,330%
2567,2.38%
2568,3.60%
2569,1.95%
2570,2.89 percent
2571,17.79 percent
2572,19.9 percent
2573,18.3 percent
2574,1.0 percentage points
2575,2.32%
2576,two percentage points
2577,9%
2578,1.70%
2579,161.8%
2580,162%
2581,12.10%
2582,55.7%
2583,2.33%
2584,77%
2585,41.1 percentage points
2586,7.19 percent
2587,54.5%
2588,14.78 percent
2589,2.50%
2590,38.6%
2591,10.28%
2592,0.92%
2593,3.92%
2594,62.9 percent
2595,400 percent
2596,0.374%
2597,0.084 percent
2598,20.0%
2599,83.5%
2600,30.3%
2601,3.24%
2602,20.7%
2603,86.9 percent
2604,8.94%
2605,7.22%
2606,54%
2607,4.36%
2608,2.85 percent
2609,17.11%
2610,1.074%
2611,0.1 percentage points
2612,20.97 percent
2613,20%
2614,5.07%
2615,3.44%
2616,16 percent
2617,195%
2618,99.3 percent
2619,36.6 percent
2620,13.10%
2621,101%
2622,59.8%
2623,82.20%
2624,3.5 percent
2625,11.35 percent
2626,13 percent
2627,4.471%
2628,5.63%
2629,2.29%
2630,30 percent
2631,65.0%
2632,12.9%
2633,4.9 percent
2634,26.2%
2635,99.9%
2636,1.2%
2637,0.76 percentage points
2638,80.5%
2639,2.20%
2640,92.2 percent
2641,119%
2642,25.73 percent
2643,7.3 percentage points
2644,8.4 percentage points
2645,21.32%
2646,4.56 percent
2647,2.26%
2648,35.2%
2649,6.25 percent
2650,020%
2651,0.45%
2652,0.42 percent
2653,16.4%
2654,1.13 percent
2655,33.6 percent
2656,35.1 percent
2657,10.5%
2658,210%
2659,1.7%
2660,0.10 percentage point
2661,660 percent
2662,44.7%
2663,6.16 percent
2664,7.72%
2665,0.18 percentage points
2666,29.7 percent
2667,2.82 percent
2668,13.4 percent
2669,1.47 percent
2670,38%
2671,41.5 percent
2672,500%
2673,10.61 percent
2674,4.15 percent
2675,3.41 percent
2676,1200%
2677,2.24 percent
2678,10.70%
2679,11.45%
2680,98 percent
2681,1.97 percent
2682,3.35 percent
2683,79.9%
2684,39.3%
2685,42.6 percent
2686,64.29%
2687,0.6 percentage points
2688,2.7 percent
2689,17.8 percent
2690,8.22%
2691,57.7 percent
2692,45.8%
2693,14.32 percent
2694,2.875 percent
2695,4.19 percent
2696,6%
2697,2.30 percent
2698,4.71 percent
2699,0.42%
2700,133.4 percent
2701,192%
2702,3.53%
2703,1.85%
2704,33.9%
2705,4.125%
2706,26.9%
2707,12.83%
2708,1.50 percent
2709,1.55 percent
2710,14.59 percent
2711,1.43%
2712,2.43%
2713,64.5%
2714,0.9 percentage points
2715,98.9 percent
2716,40 percent
2717,0.61 percent
2718,8.50 percent
2719,0.915 percent
2720,149 percent
2721,84.3%
2722,1.80 percent
2723,16.19%
2724,37.0%
2725,24.6 percent
2726,70.5 percent
2727,14.6%
2728,0.57 percent
2729,434%
2730,1.06%
2731,43%
2732,84.69%
2733,440 percent
2734,23.2%
2735,57%
2736,3.56%
2737,7.7 percentage points
2738,72.79%
2739,2.80%
2740,2.92%
2741,4.13 percent
2742,0.80%
2743,9.72 percent
2744,99.8%
2745,137 percent
2746,31.7%
2747,48.1 percent
2748,238%
2749,8.51 percent
2750,12.05%
2751,4.76%
2752,79.3 percent
2753,33.2 percent
2754,3.21 percent
2755,1.56%
2756,4.12%
2757,44 percent
2758,61.9%
2759,0.375%
2760,1.37%
2761,0.55 percentage points
2762,14.81 percent
2763,22.7 percent
2764,27.9%
2765,13.73%
2766,3.00%
2767,4.6%
2768,65.7%
2769,3.0 percentage points
2770,2.95 percent
2771,91.3%
2772,3.324%
2773,33.0%
2774,10.78 percent
2775,2.80 percent
2776,63.7%
2777,44.3%
2778,87.3%
2779,10.93%
2780,3.03 percent
2781,52.0 percent
2782,20.9 percent
2783,2.69%
2784,27.0 percent
2785,21 percent
2786,36.67%
2787,0.47 percent
2788,6.66%
2789,28.85%
2790,0.003%
2791,0.16%
2792,76 percent
2793,252%
2794,25.6 percent
2795,15.02 percent
2796,42.5 percent
2797,0.99%
2798,6.37 percent
2799,8.54 percent
2800,91.9 percent
2801,0.54 percentage points
2802,0.72%
2803,24.6%
2804,5.59%
2805,28.2%
2806,58.5%
2807,six percentage points
2808,11.85 percent
2809,24.8%
2810,0.21%
2811,49.7%
2812,91 percent
2813,4.07%
2814,18.4 percent
2815,35%
2816,4.2%
2817,7.38%
2818,0.11 percentage point
2819,15.5 percentage points
2820,1.73%
2821,9.22%
2822,50.8%
2823,1.65 percent
2824,370 percent
2825,0.25 percentage points
2826,23.22%
2827,6.6 percentage points
2828,38.3 percent
2829,0.35 percent
2830,2.22%
2831,8.00%
2832,1.76%
2833,94.9%
2834,1.27 percent
2835,2.516 percent
2836,22.1 percent
2837,1.29 percent
2838,3.51%
2839,6.56%
2840,463%
2841,41.15%
2842,7.67%
2843,2.8 percent
2844,11.9 percent
2845,14.6 percentage point
2846,16.65%
2847,2.241%
2848,2.12%
2849,100.2%
2850,18.1%
2851,76.4%
2852,10.1 percent
2853,44.6%
2854,0.43 percent
2855,60 percent
2856,12.7 percentage points
2857,50.6%
2858,4.53%
2859,14.87 percent
2860,151%
2861,32.5%
2862,4.11 percent
2863,5.44 percent
2864,137.6%
2865,188 percent
2866,58.2%
2867,373%
2868,0.58%
2869,13.9 percent
2870,11.62 percent
2871,0.10 percent
2872,87.3 percent
2873,42.8%
2874,41.54 percent
2875,655%
2876,93.9%
2877,4.03%
2878,1.57 percent
2879,1.93%
2880,8.29%
2881,1.54%
2882,6.0 percent
2883,25.7%
2884,2.4 percent
2885,286.8%
2886,34.6 percent
2887,40.1 percent
2888,36.7%
2889,2.467 percent
2890,16.4 percent
2891,8.40%
2892,2.93%
2893,6.87 percent
2894,6.7%
2895,5.2 percent
2896,40.6%
2897,908%
2898,72.6 percent
2899,2.6 percentage points
2900,8.37 percent
2901,13.3 percent
2902,5.29 percent
2903,75 percentage points
2904,71 percent
2905,0.00%
2906,2.5 percent
2907,9.0%
2908,20.4 percent
2909,12.09%
2910,22.6%
2911,163.4%
2912,20.78%
2913,0.52 percentage point
2914,2.292 percent
2915,79.2 percent
2916,85.5%
2917,3.33 percent
2918,1.69 percent
2919,13.20%
2920,0.0005%
2921,28.2 percent
2922,3.89 percent
2923,3.29 percent
2924,17.9%
2925,5.85%
2926,3.11 percent
2927,570%
2928,74 percent
2929,6.5 percentage point
2930,4.51%
2931, ninety-eight percent
2932,7.10%
2933,94.0 percent
2934,3.50 percent
2935,0.02 percent
2936,2.25%
2937,57.4%
2938,7.04%
2939,3.96 percent
2940,27.5%
2941,14.5 percent
2942,102.7%
2943,4.01%
2944,66.7 percent
2945,0.51 percent
2946,2.1 percent
2947,1.38%
2948,48.3%
2949,13.28 percentage points
2950,5.2%
2951,2.172 percent
2952,147%
2953,29 percent
2954,1.8 percentage points
2955,0.3 percent
2956,2013 percent
2957,0.9%
2958,99.7%
2959,77.3%
2960,1.86 percent
2961,22.51%
2962,0.00001387015%
2963,34.5 percent
2964,39.2 percent
2965,39.4%
2966,440%
2967,42%
2968,3.53 percent
2969,17 percentage points
2970,15.9 percent
2971,217%
2972,995%
2973,26.3 percent
2974,8.8%
2975,0.74 percent
2976,0.04 percentage point
2977,26.8%
2978,185%
2979,8.75 percent
2980,84.5%
2981,5.27%
2982,28.6%
2983,4.74%
2984,4.33%
2985,4.67%
2986,24.2 percent
2987,3.09%
2988,39 percentage points
2989,47 percent
2990,0.38%
2991,7.69%
2992,0.018%
2993,0.66 percent
2994,6.6%
2995,24.7 percent
2996,58.7 percent
2997,7.5%
2998,2.0%
2999,nine percentage points
3000,8.85 percent
3001,6.00%
3002,17.7 percent
3003,2.90%
3004,47.6%
3005,3.65%
3006,4.5 percent
3007,1.05%
3008,24.2%
3009,5.7%
3010,5.222 percent
3011,1.16 percent
3012,29.03 percent
3013,6.1 percent
3014,19.3%
3015,2.349 percent
3016,59%
3017,5.98%
3018,5.76 percent
3019,2.01%
3020,442%
3021,188%
3022,29.2 percent
3023,10.7%
3024,4.55%
3025,99.5 percent
3026,3.3 percentage points
3027,30.05%
3028,25.0%
3029,117 percent
3030,1.63 percent
3031,33.3%
3032,87.9%
3033, sixty percent
3034,51.9 percent
3035,619 percent
3036,51.9%
3037,0.5 percentage point
3038,1.30 percent
3039,43.9 percent
3040,135 percent
3041,0.95%
3042,31.1 percent
3043,2.44 percent
3044,5.80%
3045,37%
3046,3.7 percent
3047,56.6 percent
3048,201 percent
3049,3.88%
3050,27.3 percent
3051,58%
3052,0.56%
3053,3.392%
3054,226 percent
3055,3.4%
3056,190 percent
3057,39.6 percent
3058,18.5%
3059,75.1%
3060,six percent
3061,9.0 percent
3062,6.62 percent
3063,77.9%
3064,0.00005%
3065,7.20 percent
3066,880%
3067,3000%
3068,3.0 percent
3069,75.2%
3070,0.75 percentage points
3071,5.06%
3072,10.74%
3073,27.1 percent
3074,13.17%
3075,14.7 percent
3076,45 percent
3077,110.9%
3078,52.1%
3079,5.97%
3080,53.8%
3081,2.60%
3082,4.7%
3083,4.42 percent
3084,41.1%
3085,10.82%
3086,20.6%
3087,146 percent
3088,2.48 percent
3089,11.80 percent
3090,0.81%
3091,282%
3092,24%
3093,1 percent
3094,7.85 percent
3095,8.15%
3096,224.5%
3097,1.47%
3098,358%
3099,34.2 percent
3100,59.7%
3101,54.2%
3102,2.2 percentage points
3103,55.35 percent
3104,81%
3105,2.71%
3106,248 percent
3107,13.25%
3108,6.75%
3109,45.9%
3110,54.8%
3111,132 percent
3112,21.5%
3113,0.42 percentage points
3114,1.93 percent
3115,49.9 percent
3116,4.61%
3117,6.09 percent
3118,10%
3119,8.2%
3120,129%
3121,32.9%
3122,2.5 percentage points
3123,45.6%
3124,2.24%
3125,14.0 percent
3126,14.19%
3127,2.641 percent
3128,77.9 percent
3129,12.8%
3130,54.4 percent
3131,19.74%
3132,245 percent
3133,54.3%
3134,2.37 percent
3135,28.37%
3136,25.4%
3137,759%
3138,0.4 percentage point
3139,56.1 percent
3140,270%
3141,69.5%
3142,1.625%
3143,35.0%
3144,325%
3145,34.1%
3146,64.7 percent
3147,09082014%
3148,21.0 percent
3149,0.500 percent
3150,10.2 percent
3151,0.75 percent
3152,4.83 percent
3153,0.55 percent
3154,4.24%
3155,220%
3156,14.2 percent
3157,36.5%
3158,3.9 percent
3159,56.8%
3160,443%
3161,15.0 percent
3162, twenty-two percent
3163,3.48 percentage points
3164,28 percentage points
3165,11.1 percent
3166,579 percent
3167,3.125%
3168,30.6%
3169,56.7 percent
3170,141%
3171,29.6 percent
3172,7.81%
3173,9 percent
3174,248.2%
3175,38.1%
3176,4.63%
3177,78.7%
3178,7.3 percent
3179,64.9%
3180,5.75 percent
3181,0.67%
3182,81.3 percent
3183,123 percent
3184,5.31 percent
3185,1.3 percent
3186,2.0 percentage points
3187,1 percentage point
3188,49.07%
3189,2.64 percent
3190,1.24 percent
3191,10.40 percent
3192,2.77%
3193,12.6 percent
3194,27.2 percent
3195,156%
3196,88.8 percent
3197,30.55%
3198,150 percent
3199,62.8 percent
3200,38.8 percent
3201,24.5 percent
3202,11.7%
3203,64%
3204,65%
3205,0%
3206,97%
3207,54.9%
3208,22.4%
3209,0.33 percentage point
3210,6.0%
3211,3 percentage point
3212,52.8%
3213,0.30 percent
3214,57.8 percent
3215, seventy-three percent
3216,3.25 percent
3217,4.46%
3218,28.125%
3219,66.9%
3220,21%
3221,12.4 percent
3222,278%
3223,88.1%
3224,7.29%
3225,1.98%
3226,328%
3227,8 percent
3228,2.84 percent
3229,4.08 percent
3230,43.4 percent
3231,20.3%
3232,8.67%
3233,0.88 percent
3234,219 percent
3235,4.89 percent
3236,30.2%
3237,8.98%
3238,16.0 percent
3239,799%
3240,3.78 percent
3241,81 percent
3242,0.97%
3243,72.4 percent
3244,7.78 percent
3245,60%
3246,three percentage points
3247,0.67 percent
3248,73.3 percent
3249,3.22 percent
3250,58.6%
3251,3.14 percent
3252,6.07%
3253,21.4%
3254,91.9%
3255,30.7 percent
3256, thirty-nine percent
3257,32 percentage points
3258,81.0%
3259,12.98 percent
3260,50.3 percent
3261,0.01 percent
3262,853%
3263,58.3%
3264,29.2%
3265,0.69%
3266,2.85%
3267,1.94 percent
3268,88.3 percent
3269,524%
3270,36.3 percent
3271,5.0%
3272,0.59 percent
3273,15 percent
3274,49.8 percent
3275,39.7%
3276,0.83 percentage point
3277,6.36%
3278,96.88%
3279,2.98%
3280,1.30%
3281,7.65 percent
3282,224.4%
3283,50.66%
3284,7.4 percent
3285,1.90%
3286,5.756%
3287,0.57 percentage points
3288,43.7%
3289,40.8 percent
3290,8.5 percent
3291,99%
3292,3.95 percent
3293,547%
3294,19.4 percent
3295,39.5 percent
3296,3382%
3297,3.4 percent
3298,126.4%
3299,81.9 percent
3300,9.56 percent
3301,1.0%
3302,28.8 percent
3303,9.55%
3304,2.505 percent
3305,7.75%
3306,1.1%
3307,2.67 percent
3308,26.5%
3309,32.6 percent
3310,2.292%
3311,9.00%
3312,14.3%
3313,17%
3314,0.09 percent
3315,7.112%
3316,3.9%
3317,20.7 percent
3318,0.18%
3319,1.6%
3320,3.33%
3321,15.85%
3322,3.85%
3323,92.5 percent
3324,2.8%
3325,62.6%
3326,40.2 percent
3327,11.0%
3328,13.38%
3329,120 percent
3330,16.6%
3331,136 percent
3332,18%
3333,5.71 percent
3334,10.8 percent
3335,2.3356%
3336,6.5 percentage points
3337,2.970%
3338,303%
3339,70 percent
3340,16.87 percent
3341,87 percent
3342,1.9 percentage points
3343,74.1 percent
3344,19.8 percent
3345,15.4 percent
3346,48.6 percent
3347,28.9 percent
3348,21.9%
3349,1.27 percentage points
3350,2.946%
3351,nine percent
3352,214%
3353,42.1%
3354,23.72%
3355,1.257%
3356,1.10%
3357,6.89%
3358,1.02%
3359,27.6 percent
3360,2.83%
3361,0.001387015%
3362,93 percent
3363,10.14%
3364,1.83%
3365,4.40%
3366,1.64%
3367,25.8%
3368,1.39%
3369,0.40 percent
3370,39.29%
3371,198 percent
3372,3.61%
3373,0.53%
3374,262.1%
3375,105%
3376,21 percentage points
3377,4.15%
3378,73.4 percent
3379,5.47%
3380,7.70%
3381,465%
3382,0.39%
3383,9 percentage points
3384,13.24%
3385,1.88%
3386,18.7%
3387,2.62%
3388,26.1 percent
3389,25.59%
3390,15.5 percent
3391,98.7%
3392,32.34%
3393,60.8%
3394,1.42%
3395,3.1 percentage points
3396,4.32 percent
3397,1500%
3398,32.3%
3399,34.2%
3400,12.98%
3401,56.2%
3402,2.2787%
3403,3.05%
3404,67.5 percent
3405,1.26 percent
3406,34.9%
3407,18.75%
3408,21.1%
3409,62.5%
3410,8.3 percent
3411,127.3%
3412,2.43 percent
3413,8.4 percent
3414,9.29%
3415,55.9%
3416,2.06%
3417,67.3 percent
3418,6.35%
3419,19.96 percent
3420,25 percentage points
3421,48.6%
3422,3.49 percent
3423,1.87%
3424,254%
3425,37.3%
3426,641 percent
3427,22.0%
3428,70.01 percent
3429,78.4%
3430,0.17 percent
3431,0.27%
3432,0.02 percentage point
3433,127%
3434,0.64%
3435,204%
3436,2.99%
3437,205 percent
3438,4.0 percent
3439,0.31%
3440,18.75 percent
3441,10.73 percent
3442,0.09%
3443,2.82%
3444,1.70 percentage points
3445,0.85 percent
3446,2.161%
3447,7.27%
3448,5.63 percent
3449,168%
3450,59 percent
3451,32.0 percent
3452,6.94%
3453,326 percent
3454,5 percentage point
3455,19.5 percent
3456,95.8 percent
3457,2.433 percent
3458,2.07 percent
3459,18.2%
3460,911%
3461,6.33 percent
3462,0.63%
3463,47.1 percent
3464,24.8 percent
3465,4%
3466,07%
3467,2.55%
3468,291.1%
3469,161%
3470,0.42 percentage point
3471,13.5%
3472,6.00 percent
3473,3.8%
3474,55.8%
3475,30.3 percent
3476,26.5 percent
3477,69%
3478,56.4 percent
3479,13.0 percent
3480,3 percentage points
3481,2.53 percent
3482,80.1%
3483,8.26 percent
3484,11.25 percent
3485,46.1 percent
3486,50.5 percent
3487,170 percent
3488,0.719 percent
3489,207%
3490,125.9%
3491,0.23 percent
3492,20.2%
3493,8.34 percent
3494,19.0 percent
3495,99.4 percent
3496,126%
3497,76.8 percent
3498,29.5 percent
3499,5.25%
3500,332 percent
3501,163.4 percent
3502,60.3%
3503,33.5%
3504,17.92%
3505,5.58%
3506,2.6131 percent
3507,0.33%
3508,21.8 percent
3509,1.76 percentage points
3510,2.94%
3511,4.05%
3512,8.48%
3513,518%
3514,18.2 percent
3515,377%
3516,18.56%
3517,5.3 percent
3518,12.94 percent
3519,525%
3520,2.56%
3521,2.4006%
3522,1.865 percent
3523,917%
3524,88.4%
3525,135%
3526,32.93%
3527,26 percentage points
3528,19 percentage points
3529,20.2 percent
3530,16.84%
3531,245%
3532,6.4 percent
3533,11.34%
3534,62.9%
3535,30.9%
3536,1.50 percentage points
3537,51.1%
3538,1.182%
3539,61.4 percent
3540,24.9 percent
3541,6.27%
3542,03%
3543,6.39%
3544, eighty percent
3545,41.7%
3546,46%
3547,1654%
3548,42.6%
3549,0.73 percentage point
3550,7.11 percent
3551,34.4%
3552,0.2 percent
3553,106%
3554,3.93%
3555,1.54 percent
3556,5%
3557,2.54%
3558,0.40%
3559,99.99%
3560,8.375%
3561,4.78 percent
3562,9.4%
3563,0.5 percentage points
3564,0.28 percentage points
3565,33 percent
3566,0.04 percentage points
3567,1.069 percent
3568,41.3%
3569,63.0 percent
3570,44.2%
3571,0.70%
3572,0.480 percent
3573,7.44%
3574,2.597 percent
3575,28.5 percent
3576,26.03%
3577,19.2%
3578,9.8 percent
3579,18.52 percent
3580,17.4%
3581,1.249 percent
3582,0.2 percentage points
3583,56.1%
3584,2.30%
3585,63.8 percent
3586,7.49 percent
3587,19%
3588,1.34%
3589,1.00%
3590,7.6%
3591,57.2%
3592,1.9 percent
3593,seven percent
3594,56.5 percent
3595,7.57%
3596,99.3%
3597,79.4%
3598,83.9 percent
3599,73 percent
3600,91%
3601,43.0%
3602,93.4 percent
3603,36.12%
3604,3.23%
3605,108 percent
3606,32.3 percent
3607,37.6%
3608,1.51%
3609,46.4%
3610,1.63%
3611,15.5%
3612,10.9%
3613,24.1 percent
3614,21.5 percent
3615,137.7%
3616,72%
3617,41.0%
3618,11.3 percent
3619,15 percentage points
3620,2.02%
3621,3.93 percent
3622,6.68 percent
3623,4.7 percent
3624,3.37 percent
3625,2.48%
3626,227%
3627,18.8%
3628,2.46%
3629,3.08%
3630,81.0 percent
3631,6.27 percent
3632,8.33%
3633,275 percent
3634,78.2%
3635,7.51%
3636,16.28%
3637,5 percent
3638,0.48%
3639,16.5 percent
3640,9.28%
3641,7.04 percent
3642,2.413 percent
3643,12.07%
3644,1.75 percentage points
3645,79%
3646,10.7 percent
3647,95.6%
3648,7.84%
3649,892 percent
3650,7.43%
3651,5.4 percentage points
3652,8.66 percent
3653,46.1%
3654,7.68 percent
3655,1.6 percentage points
3656,56.25%
3657,16 percentage points
3658,11.04 percent
3659,236.2 percent
3660,8.84 percent
3661,40.5%
3662,78.8 percent
3663,1.671%
3664,189 percent
3665,32.6%
3666,0.001 percentage points
3667,130%
3668,11.6 percent
3669,49 percent
3670,0.01%
3671,43.6 percent
3672,7.13 percent
3673,1.79%
3674,4.79 percent
3675,16.0%
3676,4.87%
3677,0.14 percent
3678,42.7 percent
3679,1.89 percent
3680,0.1%
3681,62.0%
3682,22.2%
3683,19.2 percent
3684,14.47 percent
3685,33.7 percent
3686,98.3%
3687,76%
3688,19.7%
3689,42.3 percent
3690,285%
3691,27.1%
3692,2.07 percentage points
3693,61.7%
3694,20 percent
3695,1.32 percent
3696,55.2%
3697,5.5 percentage points
3698,13.7 percent
3699,110%
3700,129.3%
3701,13.2%
3702,3.26%
3703,11.8 percent
3704,0.50 percent
3705,460%
3706,6.15%
3707,62.1 percent
3708,3.15%
3709,2.59%
3710,57.9%
3711,57 percent
3712,1%
3713,10.87%
3714,2.184%
3715,457 percent
3716,101.4%
3717,87.4 percent
3718,165.4%
3719,18.7 percent
3720,89 percent
3721,14.4 percent
3722,47%
3723,10.5 percent
3724,565%
3725,9.25 percent
3726,52.9%
3727,5.05%
3728,6.3 percent
3729,4.0%
3730,99.1%
3731,0.43%
3732,261%
3733,4.37%
3734,74.5 percent
3735,14.72 percent
3736,7.0%
3737,125%
3738,4.34%
3739,68.2 percent
3740,2.72 percent
3741,21.4 percent
3742,3.504%
3743,3.94%
3744,0.13 percent
3745,0.93%
3746,0.5%
3747,163.9 percent
3748,800%
3749,68 percent
3750,74%
3751,32.2 percent
3752,20.0 percent
3753,14.11%
3754,24.5%
3755,3.91 percent
3756,0.78%
3757,44.8 percent
3758,2.4%
3759,63.6 percent
3760,9.48%
3761,4.44 percent
3762,21.3%
3763,3.58 percent
3764,29.1%
3765,39.47%
3766,52.7%
3767,3.46%
3768,0.10 percentage points
3769,2.65%
3770,30.0%
3771,10.0 percentage points
3772,52.1 percent
3773,5.39 percent
3774,36.5 percent
3775,4.73%
3776,7.26 percent
3777,2.92 percent
3778,103 percent
3779,5.7360%
3780,3.059%
3781,86%
3782,2.73%
3783,2.17%
3784,78.5%
3785,24.041%
3786,0.29 percentage points
3787,2 percentage points
3788,0.29%
3789,2.52 percent
3790,4.09%
3791,3.99%
3792,9.9%
